study,gene,chr,rho_expr_vs_severity,p,rho_geneCN_vs_ptenCN
BLCA,GLUD1,chr10,-0.3706990411126806,1.3180485600807888e-14,0.9044813329037652
BLCA,GOT1,chr10,-0.3263784810964409,1.7579644939885264e-11,0.8308659816154147
BLCA,GLS,other,-0.08550445100885429,0.08608196265785216,-0.02411342157858397
BLCA,GPT2,other,0.14575915784409554,0.003321075867649453,0.18053412887151257
BLCA,SLC1A5,other,0.05580472852129838,0.2631154258998609,-0.010617621423944585
BRCA,GLUD1,chr10,-0.4484458498049224,5.781533586734295e-54,0.8742659601273155
BRCA,GOT1,chr10,-0.12239820833569993,6.0613432258397605e-05,0.7396887653899725
BRCA,GLS,other,0.19160604729372743,2.737059358593397e-10,0.05370846475229121
BRCA,GPT2,other,0.1698684077690088,2.3304924336398885e-08,-0.10913902033389336
BRCA,SLC1A5,other,0.02544096884204981,0.4062117738458106,0.069269940866107
CESC,GLUD1,chr10,-0.44514759211867144,1.6084711356497637e-15,0.9551245346896865
CESC,GOT1,chr10,-0.28199695958175425,1.0559714831324462e-06,0.8113876748964357
CESC,GLS,other,0.11926527449633408,0.042408213637815696,-0.13098259712633328
CESC,GPT2,other,-0.07547914085215818,0.1999685931087963,-0.06886087046104752
CESC,SLC1A5,other,-0.07080701927318306,0.22932412649777692,0.00917850052469864
COADREAD,GLUD1,chr10,-0.3771332602815725,2.2250825174244697e-21,0.9400490826195692
COADREAD,GOT1,chr10,-0.2770507930270193,7.395284542192304e-12,0.8700561750428353
COADREAD,GLS,other,0.037629578495218405,0.3615560421692708,-0.07214753462472048
COADREAD,GPT2,other,-0.025379621590960768,0.5383826183622248,-0.026906130556259098
COADREAD,SLC1A5,other,-0.017968925280284737,0.6631463951121869,0.07577250306974286
GBM,GLUD1,chr10,-0.021839629863354713,0.7921889478381393,0.708951571123541
GBM,GOT1,chr10,-0.18371785694978648,0.025408576648423074,0.708951571123541
GBM,GLS,other,-0.13868164963230242,0.09277016666453387,0.04359809296576553
GBM,GPT2,other,0.029306856250457612,0.7236489898514876,0.02830831231552405
GBM,SLC1A5,other,-0.0776109787717598,0.3484562790833301,-0.09175635388233433
HNSC,GLUD1,chr10,-0.3100463078519097,8.377849625624327e-13,0.959304347300038
HNSC,GOT1,chr10,-0.21523245626840962,9.511322984705676e-07,0.912268437769435
HNSC,GLS,other,0.06318823679779076,0.15458851022864534,-0.06345275553634841
HNSC,GPT2,other,0.0399787120398201,0.36806533229295274,0.14330909963686533
HNSC,SLC1A5,other,0.06084687559759369,0.17047994699504998,0.06474894723111266
LIHC,GLUD1,chr10,-0.46073066128134105,2.268594580674497e-20,0.9751288493768205
LIHC,GOT1,chr10,-0.2704200138589469,1.8116796209500665e-07,0.8887227692557219
LIHC,GLS,other,0.17321753604425955,0.0009506642248340012,0.1314414394170602
LIHC,GPT2,other,-0.2594751731694042,5.768704133341393e-07,-0.0008834244995050506
LIHC,SLC1A5,other,0.15276497198070588,0.0036193293683471316,0.1569441030873298
LUSC,GLUD1,chr10,-0.3242839018605848,2.585662528567626e-13,0.8291060946470283
LUSC,GOT1,chr10,-0.22644601365742748,4.79162895912891e-07,0.7576199609348432
LUSC,GLS,other,-0.09147862268535299,0.04426789762234448,-0.05671538055932175
LUSC,GPT2,other,0.09661815817153031,0.033580176495639505,0.13456356913442052
LUSC,SLC1A5,other,0.12210586145622299,0.007156914340818226,-0.04767617946779599
OV,GLUD1,chr10,-0.534366553705117,3.497635600157258e-23,0.9301409821239403
OV,GOT1,chr10,-0.2568206988879886,7.915053685579045e-06,0.7401703008919709
OV,GLS,other,-0.08911932894231701,0.12670719697229713,0.045699220698235156
OV,GPT2,other,0.051858284781500376,0.3748037890067656,0.03528690045578764
OV,SLC1A5,other,0.14596594045605038,0.012077897687590293,0.03937977864771432
PRAD,GLUD1,chr10,-0.5859269294086267,2.554983212515287e-46,0.7727973014830158
PRAD,GOT1,chr10,-0.22416575784675272,5.641754334944184e-07,0.5472670472174818
PRAD,GLS,other,0.02024776168973676,0.6554626418508442,0.08072213399765499
PRAD,GPT2,other,-0.3259679157394063,1.523828370836869e-13,0.04993738769565208
PRAD,SLC1A5,other,-0.34755360110305383,2.6620074021475453e-15,-0.06548809730628218
SARC,GLUD1,chr10,-0.5260884992471774,2.8702367155870344e-19,0.9647343921523363
SARC,GOT1,chr10,-0.4008214543714016,4.1903362932144644e-11,0.8875942749081647
SARC,GLS,other,0.10247854259920143,0.1052906255753358,0.17805926951511789
SARC,GPT2,other,-0.097210702898496,0.12452369996362465,0.3667093868772984
SARC,SLC1A5,other,-0.005060605598832117,0.9364159017761048,0.0914735156490539
SKCM,GLUD1,chr10,-0.45051462075982807,9.594860974332997e-20,0.8689838413629667
SKCM,GOT1,chr10,-0.37114745454681003,1.9808545311309766e-13,0.890979310080983
SKCM,GLS,other,0.011064321227669831,0.8326958689584482,0.010152507453594929
SKCM,GPT2,other,0.03322588337195248,0.5257413902528953,0.08149381464235303
SKCM,SLC1A5,other,-0.01920416197149983,0.7138595120626846,-0.0037390845396773156
STAD,GLUD1,chr10,-0.4084069955837139,6.506632694065023e-18,0.8842260894862686
STAD,GOT1,chr10,-0.09293416361153936,0.06009461317837569,0.67330186941042
STAD,GLS,other,0.02338100793410391,0.6368922040362339,-0.00828093509952934
STAD,GPT2,other,0.07953595640590456,0.10781067057652532,0.0786362218988885
STAD,SLC1A5,other,0.20362244038732982,3.266378996155575e-05,-0.023942693691247068
UCEC,GLUD1,chr10,-0.3041797415737324,1.291964649661313e-12,0.9072310778123803
UCEC,GOT1,chr10,-0.17240381054934018,7.640875370535974e-05,0.8486316106309846
UCEC,GLS,other,0.06798576467185873,0.12117265271732297,-0.04978829907345469
UCEC,GPT2,other,-0.06293684976816279,0.15142042128147712,0.11515015695116232
UCEC,SLC1A5,other,0.08243543814199916,0.06006642158643937,0.00553766338960644
