study,mediator,genes_in_score,n,path_a_exposure_to_mediator,path_a_p,path_b_mediator_to_outcome,path_b_p,direct_effect,indirect_effect,indirect_ci_lo,indirect_ci_hi
BLCA,MYC_mRNA,1,404,-0.1205,0.036877733381668026,0.2322,1.1728763985073303e-06,-0.2753,-0.028,-0.0619,-0.001
BLCA,MYC_targets_V1,39,404,-0.0329,0.570081129530444,0.2896,8.008705944510283e-10,-0.2938,-0.0095,-0.0423,0.0226
BLCA,MYC_targets_V2,24,404,-0.0614,0.2881023118271458,0.3261,3.4939589587430684e-12,-0.2833,-0.02,-0.0582,0.0179
BRCA,MYC_mRNA,1,1068,0.0028,0.9408151774820998,0.1631,7.95420254920256e-08,-0.083,0.0005,-0.0118,0.0132
BRCA,MYC_targets_V1,39,1068,0.1705,6.973233900131921e-06,0.4162,3.0015714715756833e-45,-0.1535,0.071,0.0388,0.1059
BRCA,MYC_targets_V2,24,1068,0.1889,6.238401446293946e-07,0.4312,1.4884689481063858e-48,-0.164,0.0814,0.0464,0.1173
CESC,MYC_mRNA,1,290,-0.1258,0.085809889991837,0.3036,3.114681872328586e-08,-0.3556,-0.0382,-0.0858,0.0055
CESC,MYC_targets_V1,39,290,0.0319,0.6635087417787515,0.2315,2.7653654859746217e-05,-0.4012,0.0074,-0.0269,0.045
CESC,MYC_targets_V2,24,290,-0.0339,0.64409118413109,0.2387,1.5140597470981592e-05,-0.3857,-0.0081,-0.047,0.029
COADREAD,MYC_mRNA,1,590,-0.0406,0.4555230639142749,0.1106,0.004903063357114622,-0.388,-0.0045,-0.019,0.0074
COADREAD,MYC_targets_V1,39,590,-0.027,0.6194437639888281,0.3181,9.894813553464186e-17,-0.3839,-0.0086,-0.0461,0.0269
COADREAD,MYC_targets_V2,24,590,-0.0303,0.57821048769043,0.32,6.439278815635974e-17,-0.3828,-0.0097,-0.0454,0.0237
GBM,MYC_mRNA,1,148,-0.1753,0.14218791372410938,-0.0572,0.49084813845010794,-0.1945,0.01,-0.0247,0.0614
GBM,MYC_targets_V1,39,148,-0.0118,0.9215350711829696,0.0913,0.26766969718014244,-0.1834,-0.0011,-0.0354,0.0275
GBM,MYC_targets_V2,24,148,-0.2017,0.09093308378439613,0.0289,0.7284787968050518,-0.1786,-0.0058,-0.0503,0.0359
HNSC,MYC_mRNA,1,509,-0.106,0.06564166339479037,0.2409,2.9360718087367227e-08,-0.1712,-0.0255,-0.0568,0.0021
HNSC,MYC_targets_V1,39,509,0.0044,0.9393210337237997,0.3481,2.780528444468266e-16,-0.1983,0.0015,-0.0356,0.041
HNSC,MYC_targets_V2,24,509,-0.0875,0.12908363527370303,0.3224,5.3690752005626553e-14,-0.1686,-0.0282,-0.0651,0.0067
LIHC,MYC_mRNA,1,361,-0.1199,0.08114486568538956,0.1155,0.021591323740741266,-0.3924,-0.0138,-0.0385,0.0025
LIHC,MYC_targets_V1,39,361,0.0754,0.2734277995145132,-0.0044,0.9296391952278037,-0.4059,-0.0003,-0.0117,0.0105
LIHC,MYC_targets_V2,24,361,-0.063,0.3603161759364231,0.0088,0.8608541143928289,-0.4057,-0.0006,-0.0118,0.0087
LUSC,MYC_mRNA,1,484,0.048,0.3413453505530042,0.3024,5.809086613573153e-12,-0.2009,0.0145,-0.0149,0.043
LUSC,MYC_targets_V1,39,484,0.1485,0.0031121065517550916,0.3607,1.864311262858583e-16,-0.24,0.0535,0.0177,0.0939
LUSC,MYC_targets_V2,24,484,0.1116,0.026609277800983308,0.3253,1.3161169020075967e-13,-0.2227,0.0363,0.0035,0.0703
OV,MYC_mRNA,1,295,0.0847,0.20845796321351992,0.0944,0.09328069615315138,-0.3324,0.008,-0.0049,0.03
OV,MYC_targets_V1,39,295,0.0388,0.5650064094083643,0.2526,4.810545433031531e-06,-0.3342,0.0098,-0.0227,0.0451
OV,MYC_targets_V2,24,295,-0.107,0.11174758508021967,0.2221,6.645410333040409e-05,-0.3006,-0.0238,-0.058,0.005
PRAD,MYC_mRNA,1,488,-0.0751,0.1711885892186389,0.1371,0.0003184795096557565,-0.6425,-0.0103,-0.0278,0.0044
PRAD,MYC_targets_V1,39,488,0.2122,9.92430444945264e-05,0.2054,8.196437534805169e-08,-0.6964,0.0436,0.0181,0.0727
PRAD,MYC_targets_V2,24,488,0.1335,0.01478650828679969,0.2726,3.4896852975624983e-13,-0.6892,0.0364,0.0077,0.0697
SARC,MYC_mRNA,1,251,-0.1753,0.013380736285414373,0.2496,2.580110129563043e-05,-0.3452,-0.0437,-0.0876,-0.0081
SARC,MYC_targets_V1,39,251,-0.1089,0.12571181295540043,0.2866,9.5848029719718e-07,-0.3577,-0.0312,-0.0783,0.0055
SARC,MYC_targets_V2,24,251,-0.1928,0.00644446991858551,0.4214,2.059461564200175e-13,-0.3077,-0.0812,-0.1544,-0.0195
SKCM,MYC_mRNA,1,367,-0.0465,0.43423656549415346,0.0425,0.3841364837242037,-0.4155,-0.002,-0.0134,0.0059
SKCM,MYC_targets_V1,39,367,-0.0593,0.3184829420508356,0.1853,0.00012644859158576538,-0.4065,-0.011,-0.0373,0.0091
SKCM,MYC_targets_V2,24,367,-0.08,0.17785199811003619,0.2334,1.2220411498931359e-06,-0.3988,-0.0187,-0.0475,0.0085
STAD,MYC_mRNA,1,410,-0.1449,0.02370295856534775,0.3626,4.9328955436954576e-14,-0.0239,-0.0526,-0.1065,-0.0047
STAD,MYC_targets_V1,39,410,0.1105,0.08515015953474547,0.584,1.3926052078444618e-38,-0.141,0.0645,-0.0101,0.1402
STAD,MYC_targets_V2,24,410,0.1213,0.058614084146841494,0.6334,6.025357113063996e-47,-0.1533,0.0768,0.0025,0.1532
UCEC,MYC_mRNA,1,521,0.1012,0.16724116030373484,0.2356,3.679816446056854e-08,-0.3046,0.0238,-0.0122,0.0667
UCEC,MYC_targets_V1,39,521,0.1255,0.08652220107820385,0.247,7.61974612428474e-09,-0.3118,0.031,-0.006,0.0736
UCEC,MYC_targets_V2,24,521,0.2162,0.0030586854731279468,0.3006,1.871404902820209e-12,-0.3458,0.065,0.0205,0.1152
